sample_id,lon,lat,z
g06_outliers-0001,36.98521,-0.99445,19.724
g06_outliers-0002,37.002389,-1.052644,19.921
g06_outliers-0003,36.99027,-1.036561,19.726
g06_outliers-0004,36.94039,-0.960439,18.872
g06_outliers-0005,36.961773,-0.940807,20.68
g06_outliers-0006,36.992161,-1.055694,17.457
g06_outliers-0007,36.98763,-1.052312,19.773
g06_outliers-0008,37.020537,-1.012075,22.592
g06_outliers-0009,36.948237,-1.037568,21.871
g06_outliers-0010,36.926205,-1.063223,20.474
g06_outliers-0011,36.96188,-1.049832,23.473
g06_outliers-0012,36.986714,-1.05372,18.285
g06_outliers-0013,36.974434,-1.064064,19.284
g06_outliers-0014,37.000019,-0.941294,22.25
g06_outliers-0015,36.94005,-1.060108,20.062
g06_outliers-0016,37.007088,-1.076972,17.353
g06_outliers-0017,36.882125,-1.066937,18.088
g06_outliers-0018,36.867061,-1.067172,17.999
g06_outliers-0019,36.993603,-0.99368,19.716
g06_outliers-0020,36.995085,-1.038195,18.757
g06_outliers-0021,36.899418,-0.952491,17.271
g06_outliers-0022,36.992109,-1.074727,18.74
g06_outliers-0023,36.86996,-1.089989,21.407
g06_outliers-0024,36.967522,-1.034909,20.25
g06_outliers-0025,36.901554,-1.069533,20.881
g06_outliers-0026,36.961396,-1.038858,20.624
g06_outliers-0027,36.88863,-1.063714,18.659
g06_outliers-0028,36.886522,-1.063372,17.897
g06_outliers-0029,36.930272,-0.988972,17.459
g06_outliers-0030,36.915493,-1.035592,18.592
g06_outliers-0031,37.01499,-1.099548,18.373
g06_outliers-0032,36.96781,-0.99209,22.634
g06_outliers-0033,36.931912,-1.050825,18.109
g06_outliers-0034,36.868886,-0.97607,20.349
g06_outliers-0035,36.962753,-1.074338,20.619
g06_outliers-0036,36.946526,-0.952507,18.874
g06_outliers-0037,36.96703,-1.035015,19.748
g06_outliers-0038,37.017135,-0.961629,20.848
g06_outliers-0039,36.986439,-1.041513,18.696
g06_outliers-0040,36.877115,-1.065013,18.653
g06_outliers-0041,36.997541,-1.073283,18.701
g06_outliers-0042,37.022115,-1.035577,20.855
g06_outliers-0043,36.941641,-1.02935,21.975
g06_outliers-0044,36.924756,-1.022986,19.845
g06_outliers-0045,36.982074,-1.047629,20.771
g06_outliers-0046,36.979917,-0.968987,20.701
g06_outliers-0047,36.862123,-0.950085,19.205
g06_outliers-0048,36.913509,-1.067771,19.634
g06_outliers-0049,36.889154,-0.979154,19.214
g06_outliers-0050,36.861313,-1.025841,17.69
g06_outliers-0051,36.986959,-0.963146,18.818
g06_outliers-0052,36.996656,-1.00063,20.229
g06_outliers-0053,36.998033,-1.055043,17.984
g06_outliers-0054,36.906398,-1.050122,23.288
g06_outliers-0055,36.920453,-0.976377,19.053
g06_outliers-0056,36.900226,-1.071845,18.986
g06_outliers-0057,36.985921,-1.066106,17.651
g06_outliers-0058,37.020983,-1.043323,21.265
g06_outliers-0059,36.985456,-1.042481,18.961
g06_outliers-0060,36.924896,-1.020964,21.016
g06_outliers-0061,36.980557,-1.079934,19.076
g06_outliers-0062,36.963723,-0.967817,17.213
g06_outliers-0063,36.953787,-1.029716,21.406
g06_outliers-0064,36.868784,-1.066656,20.55
g06_outliers-0065,36.988983,-1.070277,16.946
g06_outliers-0066,36.868454,-0.96579,16.701
g06_outliers-0067,36.99426,-0.969336,17.95
g06_outliers-0068,36.996317,-1.075886,17.474
g06_outliers-0069,36.908154,-1.060104,22.322
g06_outliers-0070,37.00155,-1.057359,19.044
g06_outliers-0071,36.878701,-1.037184,19.526
g06_outliers-0072,36.888503,-1.039677,18.197
g06_outliers-0073,37.001661,-1.074751,17.169
g06_outliers-0074,36.926286,-1.063712,19.379
g06_outliers-0075,36.918382,-0.975416,18.626
g06_outliers-0076,36.879614,-1.070805,18.621
g06_outliers-0077,36.995829,-0.99664,20.889
g06_outliers-0078,36.989813,-1.068442,18.854
g06_outliers-0079,36.966566,-1.048148,23.678
g06_outliers-0080,36.983614,-0.973819,20.989
g06_outliers-0081,36.968233,-1.061866,21.596
g06_outliers-0082,36.984126,-1.074347,18.562
g06_outliers-0083,36.983172,-1.064617,18.959
g06_outliers-0084,36.934637,-1.065607,19.469
g06_outliers-0085,36.882018,-1.042706,18.783
g06_outliers-0086,36.916306,-1.021683,17.876
g06_outliers-0087,37.008234,-0.994656,22.392
g06_outliers-0088,36.866448,-1.065635,19.008
g06_outliers-0089,36.9962,-1.010362,17.948
g06_outliers-0090,36.985128,-0.977881,20.372
g06_outliers-0091,36.9146,-1.076818,17.184
g06_outliers-0092,36.921069,-1.035777,18.98
g06_outliers-0093,36.899616,-0.98732,17.69
g06_outliers-0094,36.900235,-1.049323,21.582
g06_outliers-0095,37.009853,-1.066352,21.381
g06_outliers-0096,37.003942,-1.065806,17.18
g06_outliers-0097,36.989686,-1.044498,19.895
g06_outliers-0098,36.912061,-1.037323,17.911
g06_outliers-0099,36.973365,-1.000192,19.034
g06_outliers-0100,36.991877,-1.076705,18.214
g06_outliers-0101,36.981383,-0.972293,20.787
g06_outliers-0102,36.903108,-1.071376,21.911
g06_outliers-0103,36.935727,-1.048967,18.878
g06_outliers-0104,36.993622,-1.060635,17.419
g06_outliers-0105,36.997545,-1.098413,21.364
g06_outliers-0106,37.004903,-0.983298,19.082
g06_outliers-0107,36.991074,-1.077827,18.84
g06_outliers-0108,36.873196,-1.088734,22.011
g06_outliers-0109,36.88141,-1.065844,19.25
g06_outliers-0110,36.882649,-1.031369,17.534
g06_outliers-0111,36.875541,-1.040241,19.525
g06_outliers-0112,37.007062,-0.995086,22.376
g06_outliers-0113,37.01472,-0.99373,20.563
g06_outliers-0114,36.926769,-1.023176,18.627
g06_outliers-0115,36.955944,-0.981114,23.199
g06_outliers-0116,36.996361,-0.988654,19.655
g06_outliers-0117,36.993958,-1.060471,17.787
g06_outliers-0118,36.867019,-1.075803,21.295
g06_outliers-0119,37.01513,-1.060552,19.951
g06_outliers-0120,36.898481,-1.048249,21.006
g06_outliers-0121,36.989056,-1.088854,19.581
g06_outliers-0122,36.938147,-1.051033,18.415
g06_outliers-0123,36.863572,-1.032758,22.851
g06_outliers-0124,36.881461,-1.057463,17.379
g06_outliers-0125,36.907006,-1.042224,23.063
g06_outliers-0126,36.98492,-0.980302,20.636
g06_outliers-0127,36.86176,-1.029663,20.284
g06_outliers-0128,36.922161,-1.050693,18.018
g06_outliers-0129,36.980748,-0.997987,21.534
g06_outliers-0130,36.986399,-0.976261,19.806
g06_outliers-0131,37.009876,-0.986425,19.892
g06_outliers-0132,36.900833,-1.031075,19.152
g06_outliers-0133,36.876202,-1.065255,18.941
g06_outliers-0134,36.988247,-0.996518,20.62
g06_outliers-0135,36.930527,-1.05999,20.298
g06_outliers-0136,36.97462,-0.984737,22.264
g06_outliers-0137,36.96157,-0.96515,17.562
g06_outliers-0138,36.955213,-0.981905,23.137
g06_outliers-0139,36.876001,-1.011986,15.611
g06_outliers-0140,36.965476,-1.047499,22.898
g06_outliers-0141,36.890185,-1.04422,17.018
g06_outliers-0142,36.987063,-0.9478,22.073
g06_outliers-0143,36.988756,-1.06854,18.311
g06_outliers-0144,37.014311,-0.991414,19.646
g06_outliers-0145,36.993919,-1.062418,21.739
g06_outliers-0146,37.004815,-1.079718,18.539
g06_outliers-0147,36.916512,-1.03525,19.498
g06_outliers-0148,36.943424,-1.051821,21.629
g06_outliers-0149,36.897967,-1.025498,19.222
g06_outliers-0150,36.939348,-1.050707,18.993
g06_outliers-0151,36.941674,-1.051584,18.37
g06_outliers-0152,36.916178,-1.036395,18.65
g06_outliers-0153,37.01508,-1.054564,20.01
g06_outliers-0154,36.996265,-1.059555,16.673
g06_outliers-0155,36.871591,-1.097025,22.499
g06_outliers-0156,36.930838,-1.049686,21.583
g06_outliers-0157,36.900526,-1.063871,19.886
g06_outliers-0158,36.898179,-1.084888,18.867
g06_outliers-0159,36.899386,-1.086898,18.463
g06_outliers-0160,36.964425,-1.009314,21.916
g06_outliers-0161,36.989578,-1.043798,19.266
g06_outliers-0162,36.999361,-1.056863,18.651
g06_outliers-0163,36.994758,-1.045499,21.894
g06_outliers-0164,37.013029,-1.072205,19.137
g06_outliers-0165,36.993395,-1.045592,20.074
g06_outliers-0166,37.011565,-1.064543,20.433
g06_outliers-0167,36.869677,-0.966563,18.737
g06_outliers-0168,36.986207,-1.000633,19.805
g06_outliers-0169,36.910299,-1.008891,18.483
g06_outliers-0170,37.00658,-1.074112,16.192
g06_outliers-0171,36.974895,-1.092231,19.292
g06_outliers-0172,36.89919,-1.020542,19.75
g06_outliers-0173,36.954158,-1.029861,18.088
g06_outliers-0174,36.981047,-0.972657,20.015
g06_outliers-0175,37.007455,-1.082213,19.481
g06_outliers-0176,36.896615,-0.945959,18.662
g06_outliers-0177,36.907839,-1.01855,18.727
g06_outliers-0178,37.003931,-1.064431,20.399
g06_outliers-0179,37.022978,-1.054069,19.262
g06_outliers-0180,36.931415,-0.95757,17.879
g06_outliers-0181,36.894181,-1.037492,17.775
g06_outliers-0182,36.974483,-1.067593,19.701
g06_outliers-0183,36.95698,-1.042221,21.743
g06_outliers-0184,36.997308,-1.097688,21.232
g06_outliers-0185,36.991617,-1.037429,21.824
g06_outliers-0186,36.992401,-0.99513,20.332
g06_outliers-0187,37.018645,-0.942567,18.57
g06_outliers-0188,36.994731,-1.003164,20.465
g06_outliers-0189,36.898365,-1.00915,20.881
g06_outliers-0190,37.012859,-1.061566,19.851
g06_outliers-0191,36.868806,-1.075491,22.84
g06_outliers-0192,36.940825,-1.049651,18.568
g06_outliers-0193,36.902065,-1.035712,18.524
g06_outliers-0194,36.882298,-1.037833,19.043
g06_outliers-0195,36.868045,-1.020697,20.663
g06_outliers-0196,36.870403,-1.072275,19.854
g06_outliers-0197,36.915948,-1.00543,18.156
g06_outliers-0198,36.91661,-1.072007,20.09
g06_outliers-0199,37.018122,-1.045923,23.142
g06_outliers-0200,36.915153,-1.068558,20.346
g06_outliers-0201,36.982821,-1.064348,20.671
g06_outliers-0202,36.888877,-1.036379,22.003
g06_outliers-0203,36.957364,-1.057582,22.177
g06_outliers-0204,36.871067,-1.059031,18.638
g06_outliers-0205,36.984185,-1.067213,18.033
g06_outliers-0206,36.989085,-1.063545,17.097
g06_outliers-0207,36.971792,-1.031697,18.778
g06_outliers-0208,36.909479,-1.05866,21.908
g06_outliers-0209,37.01044,-0.975813,17.891
g06_outliers-0210,36.907084,-1.036298,20.232
g06_outliers-0211,36.881004,-1.035998,19.025
g06_outliers-0212,36.961795,-0.940321,23.293
g06_outliers-0213,36.938792,-1.035788,22.82
g06_outliers-0214,36.917456,-1.092326,21.712
g06_outliers-0215,36.890986,-1.056653,18.871
g06_outliers-0216,36.985557,-0.967951,18.023
g06_outliers-0217,36.904305,-0.969278,20.236
g06_outliers-0218,36.992575,-1.051033,19.414
g06_outliers-0219,36.908472,-0.990599,21.768
g06_outliers-0220,36.882068,-1.020755,20.206
g06_outliers-0221,36.911868,-0.955559,19.882
g06_outliers-0222,36.934449,-0.945288,19.775
g06_outliers-0223,36.992548,-1.043249,18.617
g06_outliers-0224,36.998409,-1.049555,21.354
g06_outliers-0225,37.006595,-1.018884,19.985
g06_outliers-0226,36.89409,-1.04235,19.054
g06_outliers-0227,36.864941,-1.083185,22.755
g06_outliers-0228,36.879898,-1.064952,17.078
g06_outliers-0229,36.985624,-1.057821,18.391
g06_outliers-0230,36.978713,-0.98673,20.868
g06_outliers-0231,36.964145,-1.073199,20.459
g06_outliers-0232,36.89559,-1.041299,18.954
g06_outliers-0233,36.985812,-1.042808,18.608
g06_outliers-0234,36.997379,-1.058587,16.786
g06_outliers-0235,36.894258,-1.035715,19.289
g06_outliers-0236,36.991201,-1.032793,19.108
g06_outliers-0237,36.914253,-1.004549,18.147
g06_outliers-0238,37.006514,-1.040546,18.568
g06_outliers-0239,36.948286,-1.035091,21.156
g06_outliers-0240,36.977062,-1.053314,18.708
