sample_id,lon,lat,soc,depth_cm
kiambu_soc-0001,36.922089,-1.003811,16.962,0
kiambu_soc-0002,36.918853,-0.985788,5.638,20
kiambu_soc-0003,36.927598,-1.015642,31.078,0
kiambu_soc-0004,36.996336,-1.026621,21.779,30
kiambu_soc-0005,37.015458,-0.995764,21.67,0
kiambu_soc-0006,36.961298,-1.054264,11.174,0
kiambu_soc-0007,36.969151,-1.074589,22.223,0
kiambu_soc-0008,36.973432,-0.940327,17.821,0
kiambu_soc-0009,36.922802,-1.004402,19.298,20
kiambu_soc-0010,36.868929,-0.961543,22.893,20
kiambu_soc-0011,36.981952,-1.060919,18.121,0
kiambu_soc-0012,36.958466,-1.079512,16.821,20
kiambu_soc-0013,36.996218,-0.956041,23.398,0
kiambu_soc-0014,36.864601,-0.998999,14.717,0
kiambu_soc-0015,36.890208,-0.987564,14.584,20
kiambu_soc-0016,36.996495,-1.027122,24.413,20
kiambu_soc-0017,36.945825,-0.963008,29.858,0
kiambu_soc-0018,36.895732,-0.952284,20.704,0
kiambu_soc-0019,36.935297,-0.974229,27.021,0
kiambu_soc-0020,36.981,-1.02385,13.072,30
kiambu_soc-0021,36.874107,-1.008825,23.735,0
kiambu_soc-0022,36.958563,-0.958313,15.327,30
kiambu_soc-0023,36.924734,-0.994978,17.175,0
kiambu_soc-0024,36.967853,-0.950408,16.601,0
kiambu_soc-0025,36.881584,-1.007285,21.902,20
kiambu_soc-0026,36.93286,-0.963904,19.511,0
kiambu_soc-0027,36.962628,-1.060099,9.981,20
kiambu_soc-0028,36.992494,-1.062833,22.522,0
kiambu_soc-0029,36.973189,-1.003917,26.825,0
kiambu_soc-0030,36.989147,-1.090129,20.476,0
kiambu_soc-0031,36.927538,-0.982561,27.764,0
kiambu_soc-0032,36.969304,-0.976554,16.958,0
kiambu_soc-0033,36.906622,-0.983545,9.884,30
kiambu_soc-0034,36.980929,-1.03229,30.338,20
kiambu_soc-0035,36.891762,-0.992426,18.765,0
kiambu_soc-0036,36.910753,-0.980202,14.154,0
kiambu_soc-0037,36.953533,-0.981734,23.682,0
kiambu_soc-0038,37.001732,-0.971152,25.727,0
kiambu_soc-0039,36.991553,-0.981335,18.474,0
kiambu_soc-0040,36.92382,-0.973005,29.653,20
kiambu_soc-0041,36.958425,-1.064423,16.937,30
kiambu_soc-0042,36.885008,-0.971261,12.668,20
kiambu_soc-0043,36.947479,-0.984335,28.899,0
kiambu_soc-0044,37.020165,-0.967811,17.459,0
kiambu_soc-0045,36.930025,-1.059997,16.935,20
kiambu_soc-0046,36.94008,-0.949268,24.982,0
kiambu_soc-0047,36.966942,-0.982603,12.593,20
kiambu_soc-0048,36.89047,-0.994167,19.197,20
kiambu_soc-0049,36.929796,-1.035201,25.532,20
kiambu_soc-0050,36.91389,-0.971887,16.676,0
kiambu_soc-0051,36.911314,-0.979659,14.907,20
kiambu_soc-0052,36.919705,-0.970431,21.232,0
kiambu_soc-0053,36.89773,-0.980941,21.126,20
kiambu_soc-0054,37.015038,-0.997144,17.828,20
kiambu_soc-0055,36.914622,-1.08576,21.49,20
kiambu_soc-0056,36.966941,-0.940324,7.651,20
kiambu_soc-0057,36.965098,-1.072398,12.93,20
kiambu_soc-0058,36.949561,-1.000429,25.819,0
kiambu_soc-0059,36.982999,-1.022674,15.209,0
kiambu_soc-0060,36.969491,-1.061467,16.956,0
kiambu_soc-0061,36.969887,-0.959071,19.254,0
kiambu_soc-0062,36.961906,-0.966482,19.093,30
kiambu_soc-0063,37.009048,-1.04462,26.747,0
kiambu_soc-0064,36.902291,-1.035212,27.894,0
kiambu_soc-0065,36.926965,-0.955189,23.031,0
kiambu_soc-0066,36.968777,-1.060726,12.936,20
kiambu_soc-0067,36.948643,-1.042532,13.416,30
kiambu_soc-0068,36.970755,-0.959792,15.762,0
kiambu_soc-0069,36.900596,-0.978886,20.224,20
kiambu_soc-0070,36.919038,-0.974424,20.733,0
kiambu_soc-0071,36.959587,-1.065562,13.275,20
kiambu_soc-0072,36.938358,-0.974196,31.306,0
kiambu_soc-0073,36.993768,-1.07343,13.116,30
kiambu_soc-0074,36.904541,-1.015223,25.882,0
kiambu_soc-0075,36.984815,-1.060515,22.72,20
kiambu_soc-0076,36.923428,-0.992572,12.462,20
kiambu_soc-0077,36.911973,-1.032056,29.633,0
kiambu_soc-0078,36.879281,-0.98768,26.115,20
kiambu_soc-0079,36.996815,-1.031535,25.9,0
kiambu_soc-0080,36.972702,-0.979656,18.364,20
kiambu_soc-0081,36.986976,-1.003712,14.624,30
kiambu_soc-0082,36.927716,-0.981165,24.399,30
kiambu_soc-0083,36.963223,-1.001602,18.628,0
kiambu_soc-0084,36.930763,-0.972857,22.126,20
kiambu_soc-0085,36.900515,-0.979276,21.683,30
kiambu_soc-0086,36.996367,-1.070857,19.168,20
kiambu_soc-0087,36.993522,-1.026129,23.3,20
kiambu_soc-0088,36.971094,-0.970687,17.661,0
kiambu_soc-0089,36.978077,-0.96445,14.949,20
kiambu_soc-0090,36.87067,-1.015015,25.751,0
kiambu_soc-0091,37.012093,-1.056378,19.371,20
kiambu_soc-0092,36.924032,-1.028524,17.24,30
kiambu_soc-0093,36.958398,-0.951728,15.8,30
kiambu_soc-0094,36.919871,-0.971322,18.058,20
kiambu_soc-0095,37.003047,-1.022685,27.881,0
kiambu_soc-0096,37.014858,-1.094021,21.788,20
kiambu_soc-0097,36.900199,-1.002975,19.009,20
kiambu_soc-0098,36.994718,-1.074928,23.332,20
kiambu_soc-0099,36.987258,-1.077827,19.987,0
kiambu_soc-0100,36.962686,-1.058448,14.094,0
kiambu_soc-0101,36.98564,-1.004496,21.729,0
kiambu_soc-0102,36.929816,-1.035705,27.12,0
kiambu_soc-0103,36.904293,-0.97788,19.502,30
kiambu_soc-0104,37.001664,-0.969508,22.185,0
kiambu_soc-0105,36.935896,-0.969129,22.11,20
kiambu_soc-0106,36.985231,-1.07699,22.207,0
kiambu_soc-0107,36.992571,-0.942964,18.574,20
kiambu_soc-0108,37.007366,-1.043885,23.041,30
kiambu_soc-0109,36.965641,-1.01674,25.684,20
kiambu_soc-0110,36.911479,-1.077533,18.687,0
kiambu_soc-0111,36.947643,-1.085537,10.503,20
kiambu_soc-0112,36.964841,-1.003615,15.868,30
kiambu_soc-0113,36.91127,-1.049077,26.32,0
kiambu_soc-0114,36.939587,-0.95017,20.483,20
kiambu_soc-0115,36.912275,-0.96015,16.231,20
kiambu_soc-0116,36.976994,-0.990594,23.879,20
kiambu_soc-0117,36.93853,-0.994951,19.613,30
kiambu_soc-0118,36.924138,-0.995642,13.305,0
kiambu_soc-0119,36.907781,-0.9753,17.268,20
kiambu_soc-0120,36.904852,-1.022484,25.805,0
kiambu_soc-0121,36.908356,-1.07285,16.497,20
kiambu_soc-0122,36.882756,-0.970899,18.984,0
kiambu_soc-0123,36.922729,-0.969493,27.745,20
kiambu_soc-0124,36.971124,-0.980498,19.479,0
kiambu_soc-0125,36.976382,-0.997459,28.264,0
kiambu_soc-0126,36.91963,-0.975948,23.498,0
kiambu_soc-0127,36.879265,-0.988752,26.232,0
kiambu_soc-0128,36.943727,-0.957836,23.536,20
kiambu_soc-0129,36.939749,-0.944228,17.879,0
kiambu_soc-0130,36.938848,-0.993864,24.394,30
kiambu_soc-0131,36.998359,-1.010995,15.754,30
kiambu_soc-0132,36.981008,-1.031797,28.232,30
kiambu_soc-0133,36.912705,-1.00764,21.603,0
kiambu_soc-0134,36.999126,-1.03013,21.41,0
kiambu_soc-0135,36.910396,-0.972792,14.654,0
kiambu_soc-0136,36.983177,-0.977008,20.259,20
kiambu_soc-0137,36.924686,-0.968773,23.378,30
kiambu_soc-0138,36.913167,-1.005374,20.139,0
kiambu_soc-0139,36.906517,-0.973561,11.165,0
kiambu_soc-0140,36.909814,-0.981101,12.249,20
kiambu_soc-0141,36.899445,-1.045254,33.18,0
kiambu_soc-0142,36.863499,-1.030664,23.182,0
kiambu_soc-0143,36.946938,-0.985063,31.862,0
kiambu_soc-0144,36.979499,-1.000164,21.515,20
kiambu_soc-0145,36.947843,-1.042566,20.574,0
kiambu_soc-0146,36.924064,-0.993767,13.724,20
kiambu_soc-0147,36.927346,-0.982763,22.117,20
kiambu_soc-0148,36.978654,-0.990633,30.489,0
kiambu_soc-0149,36.915821,-0.971924,15.774,30
kiambu_soc-0150,36.959021,-1.064913,16.467,0
kiambu_soc-0151,36.967061,-1.075528,18.69,20
kiambu_soc-0152,36.964587,-0.985768,16.899,0
kiambu_soc-0153,36.91642,-1.023454,19.308,0
kiambu_soc-0154,36.963762,-1.067717,10.88,0
kiambu_soc-0155,36.936839,-0.973508,26.384,20
