id,x,y,soc,depth
1,7218.9,10653.8,31.0,0
2,4870.4,16061.5,22.76,20
3,14438.6,6934.7,17.18,20
4,16185.1,12179.9,12.31,30
5,6208.3,6070.1,20.12,20
6,4279.3,8001.7,15.94,30
7,5945.3,15226.1,26.51,30
8,1755.7,12107.1,27.89,30
9,12877.2,12345.2,8.28,0
10,10776.3,7157.0,21.78,0
11,3037.8,6773.4,23.23,0
12,8599.7,10932.2,28.25,20
13,5807.3,12500.3,24.56,0
14,1057.1,7980.0,20.14,30
15,8309.8,6782.1,29.81,20
16,4317.2,13518.1,14.5,20
17,15449.9,13657.1,14.47,0
18,10657.1,6587.0,16.43,20
19,8281.5,8692.9,28.17,0
20,7623.7,11051.0,29.13,0
21,4020.6,10421.5,21.1,0
22,4126.2,6407.7,23.58,30
23,8515.8,4102.7,24.41,20
24,15505.0,13042.6,5.31,0
25,13898.2,13153.7,14.07,0
26,5833.3,12630.2,22.37,0
27,12658.6,17971.8,22.68,30
28,5396.0,6662.8,20.98,30
29,16109.2,13185.7,12.18,30
30,16276.9,7238.6,22.82,0
31,6362.3,11943.1,25.7,20
32,9230.3,10916.9,31.59,0
33,22.9,14367.4,23.07,20
34,5078.0,5472.8,21.05,20
35,7943.1,9733.0,29.65,20
36,7803.4,10297.4,28.02,0
37,3141.0,12880.2,24.52,20
38,16380.5,6681.6,23.48,20
39,5888.3,14587.3,18.69,0
40,8467.3,3955.7,22.96,20
41,12329.4,12413.7,13.78,30
42,7506.0,11867.1,33.1,0
43,10374.0,9641.3,28.71,0
44,2905.1,5732.9,15.55,30
45,13737.5,11660.1,18.92,20
46,12832.9,11283.4,11.9,20
47,6002.3,14273.6,18.82,0
48,13398.6,11792.3,16.83,30
49,12935.7,8287.1,24.62,30
50,12126.3,11425.8,8.3,20
51,6995.8,11136.7,34.19,20
52,6187.1,16781.6,17.79,20
53,10164.3,7455.7,15.5,0
54,5607.6,10921.3,24.0,20
55,11124.9,6772.4,13.43,30
56,10237.0,5780.7,16.73,30
57,3010.1,12682.8,25.77,0
58,16255.6,6412.3,23.03,30
59,5651.1,6871.5,20.25,20
60,4750.9,6125.6,25.73,0
61,6674.6,13729.2,16.38,0
62,7741.5,7234.6,22.08,20
63,13904.9,7686.1,20.51,20
64,8675.2,6152.3,24.29,0
65,14752.4,3996.3,31.94,20
66,5823.4,12171.8,23.94,0
67,4463.7,5160.5,21.66,0
68,4822.1,14716.5,19.18,0
69,6549.7,11206.3,29.89,20
70,14778.0,10892.4,23.88,0
71,3930.6,6600.5,20.84,20
72,10933.3,11138.5,14.13,0
73,8466.4,14815.8,21.27,0
74,14793.9,6480.3,18.28,20
75,12276.0,14030.1,26.11,20
76,6825.4,3821.5,27.31,0
77,6730.9,12754.8,20.64,30
78,11513.1,10907.8,10.69,0
79,17419.6,12509.0,20.65,20
80,14342.2,12427.0,20.34,30
81,15085.4,10537.7,24.99,0
82,6949.6,10339.6,30.38,0
83,6422.7,8437.4,20.11,0
84,5266.6,7555.9,16.84,20
85,13559.7,3419.8,19.68,20
86,15580.9,3961.7,31.21,30
87,7740.9,3617.4,30.73,0
88,6022.7,10858.3,20.61,0
89,3651.4,8413.1,21.39,20
90,12179.6,3678.7,14.79,20
91,10269.5,1704.4,22.74,0
92,15537.8,4639.8,37.74,20
93,6628.5,18000.0,19.9,30
94,8651.0,10265.7,34.93,0
95,13356.5,6819.4,22.31,20
96,16823.5,5754.7,22.97,30
97,2439.0,5478.3,23.24,0
98,15516.2,14930.3,13.61,30
99,1269.5,5471.4,21.13,0
100,9075.8,6246.8,21.98,30
101,12634.5,8529.0,24.4,0
102,5313.1,8477.5,17.0,30
103,883.9,17802.0,16.26,0
104,13629.5,12081.4,13.93,20
105,11312.2,12546.0,13.84,20
106,6630.1,16034.8,20.53,30
107,12194.5,7819.0,18.15,0
108,6271.0,7085.6,15.34,20
109,7686.5,7122.8,20.31,0
110,2829.6,7200.2,22.57,30
111,9748.1,10630.3,24.3,20
112,16692.5,8806.6,21.4,0
113,455.5,8616.4,19.52,20
114,2273.4,5544.8,25.11,0
115,12472.5,13285.7,19.21,30
116,4267.9,6666.1,26.44,20
117,12872.8,5895.7,14.32,0
118,6886.1,9935.0,30.06,30
119,14320.7,13643.1,21.87,20
120,6017.0,17401.8,17.61,0
121,8908.2,5795.3,28.25,20
122,6247.6,12563.0,21.67,0
123,4844.9,5964.7,21.11,20
124,7646.2,7129.2,22.08,0
125,13611.3,13742.3,19.47,0
126,5622.8,9442.9,22.22,0
127,9163.8,8498.6,26.86,0
128,8836.8,5740.9,25.78,30
129,13655.2,1792.6,16.0,30
130,8807.3,17905.0,30.02,20
131,16862.0,8897.6,22.41,0
132,16553.2,8411.9,22.98,30
133,7481.0,2518.5,21.12,0
134,5483.4,12840.7,21.01,0
135,14155.0,6905.2,17.46,20
136,2555.0,5905.7,19.39,30
137,190.6,13697.4,21.62,0
138,4856.0,6844.6,26.46,20
139,17436.4,5951.1,20.2,0
140,5331.3,13674.5,16.64,20
141,5998.1,16875.5,17.78,20
142,5422.1,10782.4,24.02,20
143,6346.9,7195.4,19.17,30
144,14636.6,11756.4,23.63,0
145,16698.9,5148.6,28.51,0
146,7250.8,5881.4,25.32,0
147,14523.0,10075.2,28.06,0
148,9064.3,9404.2,29.4,0
149,5800.3,4842.9,25.56,0
150,12413.5,10539.6,17.77,20
151,5143.3,12120.6,25.3,20
152,14669.3,13393.9,22.54,0
153,11925.9,11599.5,10.19,20
154,12017.8,15689.8,34.09,0
155,8511.4,15375.8,17.26,20
156,8109.2,9983.4,28.69,0
157,11842.0,11182.4,13.67,30
158,10792.3,8177.7,23.38,0
159,12502.9,11853.0,13.5,0
160,10169.7,10795.8,20.07,20
161,12125.5,2817.1,22.34,0
162,9209.0,7102.2,19.76,30
163,2965.7,7611.9,17.77,0
164,13548.7,2629.5,18.89,20
165,11087.1,14969.9,31.72,30
166,7261.1,7185.4,21.07,0
167,12066.1,12382.9,12.11,20
168,6337.9,6943.3,15.24,20
169,13528.2,17432.1,20.15,0
170,2146.9,6495.8,22.82,0
171,12020.2,1957.9,22.07,30
172,7929.1,10557.8,27.95,0
173,13226.0,12878.8,11.62,0
174,8397.4,10963.8,28.63,0
175,3771.8,3125.1,21.66,20
176,12524.9,14080.7,28.3,20
177,8655.5,6702.6,26.19,0
178,3775.5,8523.0,23.6,20
179,5771.4,6138.3,21.9,20
180,14783.1,6329.7,19.74,20
181,6421.7,15460.3,22.51,0
182,5307.5,4977.7,22.28,0
183,16748.2,10119.5,24.68,0
184,7611.6,11369.9,24.71,20
185,13336.4,13658.2,18.87,0
186,9375.1,6665.7,20.0,0
187,12012.3,11490.3,10.96,0
188,2940.0,15754.9,15.55,30
189,3317.9,11732.8,21.23,30
190,8348.0,8571.0,29.09,20
191,15986.9,8694.3,19.9,0
192,10295.8,10746.9,23.81,0
193,4147.3,12141.1,21.08,0
194,5784.4,14639.1,17.18,0
195,10991.1,12572.1,17.93,0
196,4466.0,13800.9,14.02,30
197,14986.8,10959.4,25.96,20
198,2790.8,6747.8,18.75,30
199,5171.4,6663.2,19.97,0
200,7917.0,10779.5,25.02,0
